Datetime,PM_43,AOD_43,Temp_43,Humi_43,PM_39,AOD_39,Temp_39,Humi_39
2013-04-26,8.291666667,0.189205967,71.086957,52.333333,2.65,0.094466339,68.75,52.333333
2013-04-27,8.217391304,0.189205967,67.541667,49.708333,3.666666667,0.191383099,67.166667,49.708333
2013-04-28,7.25,0.07611954,72.375,46.875,3.166666667,0.191383099,71.75,46.875
2013-04-29,6.083333333,0.189205967,74.833333,44.416667,4.090909091,0.191383099,74.541667,44.416667
2013-04-30,9.291666667,0.189205967,78.25,42.791667,4.916666667,0.191383099,78.083333,42.791667
2013-05-01,6.041666667,0.189205967,73.916667,55.833333,3.083333333,0.191383099,73.041667,55.833333
2013-05-02,7.041666667,0.327077422,73.791667,71.333333,4.6,0.191383099,71.291667,71.333333
2013-05-03,8.625,0.189205967,78.791667,61.875,6.4,0.272102192,76.833333,61.875
2013-05-04,11.58333333,0.189205967,81,63.541667,4.684210526,0.182009819,79.541667,63.541667
2013-05-05,11.95833333,0.189205967,84.291667,56.916667,4.291666667,0.151126038,83.041667,56.916667
2013-05-06,12.83333333,0.189205967,88.083333,54.5,7.791666667,0.131475735,88.25,54.5
2013-05-07,9.916666667,0.099209297,90.541667,48.333333,4.086956522,0.191383099,91.416667,48.333333
2013-05-08,10.79166667,0.253280784,89.5,45.791667,4.25,0.368770224,90.958333,45.791667
2013-05-09,10.41666667,0.189205967,88.75,47.458333,5.608695652,0.967415885,90.125,47.458333
2013-05-10,12.95652174,0.442151784,91.5,42.583333,9.666666667,0.26627757,91.666667,42.583333
2013-05-11,12.125,0.189205967,87.791667,50,8.782608696,0.191383099,88.608696,50
2013-05-12,15.8125,0.360625633,91.208333,49.541667,9.333333333,0.44660896,92.458333,49.541667
2013-05-13,16.5,0.189205967,88.083333,37.166667,8.541666667,0.205591478,84.333333,37.166667
2013-05-14,12.75,0.189205967,81.75,51,9.208333333,0.196836096,77.333333,51
2013-05-15,14.5,0.211877534,83.75,51.291667,8.291666667,0.285010872,80.458333,51.291667
2013-05-16,10.70833333,0.189205967,85.041667,48.25,7.375,0.186438766,81.708333,48.25
2013-05-17,13.375,0.189205967,85.5,48.041667,6.791666667,0.141313802,84.916667,48.041667
2013-05-18,16.75,0.189205967,86.416667,43.541667,8.5,0.191383099,84.916667,43.541667
2013-05-19,11.79166667,0.189205967,83.375,37.583333,4.956521739,0.147072914,80.125,37.583333
2013-05-20,13.375,0.189205967,80.958333,47.583333,6.291666667,0.23137689,78.458333,47.583333
2013-05-21,12.66666667,0.142969707,83.583333,43.958333,6.083333333,0.151930876,81.875,43.958333
2013-05-22,12.91666667,0.189205967,84.708333,44.541667,6.25,0.191383099,82.25,44.541667
2013-05-23,9.291666667,0.189205967,81.583333,42.791667,4.541666667,0.128893341,79.125,42.791667
2013-05-24,13.70833333,0.189205967,76.916667,56.208333,4.583333333,0.191383099,72.541667,56.208333
2013-05-25,12.79166667,0.189205967,76.25,61.5,4.666666667,0.191383099,74.458333,61.5
2013-05-26,13.70833333,0.189205967,80.875,49.541667,5.818181818,0.16688487,79.875,49.541667
2013-05-27,13,0.433657271,82.416667,44.458333,4.608695652,0.521341006,82.791667,44.458333
2013-05-28,16.08333333,0.41793317,85.916667,44.916667,7.208333333,0.315652875,84.833333,44.916667
2013-05-29,17.58333333,0.308560844,89.208333,44.208333,7.25,0.363505576,85.5,44.208333
2013-05-30,15.79166667,0.350563454,83.375,50.25,10.83333333,0.191383099,81.75,50.25
2013-05-31,18.875,0.23048638,83.375,48.541667,7.666666667,0.47481495,82.583333,48.541667
2013-06-01,16.58333333,0.140482626,84.625,43.791667,5.541666667,0.175652366,84.583333,43.791667
2013-06-02,14.70833333,0.189205967,87.708333,47.291667,5.75,0.191383099,86.125,47.291667
2013-06-03,17.83333333,0.104329094,87.083333,44.25,5.583333333,0.191383099,85.958333,44.25
2013-06-04,17.54166667,0.189205967,87,44.833333,6.333333333,0.191383099,83.833333,44.833333
2013-06-05,15.04166667,0.189205967,84.583333,47.75,6.708333333,0.205591478,81.166667,47.75
2013-06-06,17.125,0.189205967,80.625,54.458333,11.375,0.191383099,75.666667,54.458333
2013-06-07,26.45833333,0.145164478,78.416667,61.25,17.73913043,0.326743386,75.541667,61.25
2013-06-08,30.5,0.19017513,79.958333,50.125,18.45833333,0.200089782,77.625,50.125
2013-06-09,12.41666667,0.189205967,77.666667,35.833333,6.578947368,0.191383099,76.416667,32.416667
2013-06-10,9.708333333,0.189205967,77.5,40.875,4.125,0.191383099,75.875,35.958333
2013-06-11,12.33333333,0.189205967,79.791667,40.833333,5.916666667,0.191383099,77.416667,35.25
2013-06-12,16.45833333,0.189205967,79.75,46.25,9.166666667,0.073922165,77.375,39.875
2013-06-13,14.79166667,0.189205967,78.833333,49.666667,8.25,0.160140583,76.333333,41.333333
2013-06-14,13,0.189205967,77.875,51,6.75,0.188879242,75.041667,42.791667
2013-06-15,13.25,0.189205967,73.25,55.75,5.25,0.141036984,71.041667,52.75
2013-06-16,10.13043478,0.189205967,74.875,54.333333,3.083333333,0.198505571,72.291667,50.416667
2013-06-17,10.83333333,0.146800955,75.708333,54.666667,4.416666667,0.079720916,72.958333,47.833333
2013-06-18,18.75,0.19575955,76.875,53.458333,10.58333333,0.214299854,74.375,46.416667
2013-06-19,12.41666667,0.189205967,78.333333,51.916667,5,0.136293488,76.291667,43.916667
2013-06-20,15.75,0.189205967,80.5,46.75,7.291666667,0.191383099,78.958333,36
2013-06-21,13.125,0.189205967,81.916667,44.458333,7.565217391,0.191383099,80.666667,32.391304
2013-06-22,14.625,0.189205967,82.958333,43.958333,8.458333333,0.143519793,81.791667,31.083333
2013-06-23,11.45833333,0.189205967,82.5,44.583333,4.208333333,0.191383099,81.958333,35.333333
2013-06-24,9.958333333,0.093471914,83.416667,51.583333,3.304347826,0.082550867,83.083333,39.75
2013-06-25,10.83333333,0.189205967,84.083333,46.75,3.695652174,0.217625172,82.208333,32.416667
2013-06-26,9.625,0.158566389,81.458333,48.166667,3.5,0.191383099,81.708333,39.958333
2013-06-27,10.83333333,0.189205967,88.791667,41.533333,5.708333333,0.213263205,87.916667,44.166667
2013-06-28,15.41666667,0.100660849,86.791667,36.416667,12.125,0.140482622,84.75,41.75
2013-06-29,12.45454545,0.067914392,82.416667,40.083333,5.5,0.114403071,80.666667,35.5
2013-06-30,10.25,0.189205967,80,47,5.083333333,0.191383099,76.791667,39.5
2013-07-01,10.08333333,0.189205967,77.375,49.708333,6.041666667,0.191383099,75.458333,41.166667
2013-07-02,9.583333333,0.189205967,79.5,46.875,5.625,0.191383099,78.458333,39.375
2013-07-03,7.041666667,0.189205967,78.791667,51.416667,2.458333333,0.082550869,76.916667,45.416667
2013-07-04,7.208333333,0.189205967,77.5,54.458333,2.52173913,0.191383099,73.473684,45
2013-07-05,7.541666667,0.089107073,80.958333,47.291667,4.333333333,0.147887458,78.916667,36.666667
2013-07-06,7.25,0.189205967,80.916667,45.291667,4.333333333,0.191383099,79.5,37
2013-07-07,10.16666667,0.189205967,80.541667,53,5.304347826,0.191383099,79,42.75
2013-07-08,11.33333333,0.189205967,82,51,2.956521739,0.191383099,81.708333,39.916667
2013-07-09,13.70833333,0.584770464,84.708333,46.666667,3.739130435,0.180274555,84.916667,35.875
